<?xml version="1.0" encoding="UTF-8"?>
<config xmlns:xsi="http://www.w3.org/2001/XMLSchema-instance"
        xmlns="http://www.ehcache.org/v3"
        xsi:schemaLocation="http://www.ehcache.org/v3 http://www.ehcache.org/schema/ehcache-core-v3.xsd">

    <!-- Cache configuration for a list of users -->
    <cache alias="usersCache">
        <key-type>java.lang.String</key-type>
        <value-type>java.util.List</value-type>
        <heap unit="entries">1000</heap>
    </cache>

    <!-- Cache configuration for an individual user -->
    <cache alias="userCache">
        <key-type>java.lang.Long</key-type>
        <value-type>com.example.ecommerce_product.entity.User</value-type>
        <heap unit="entries">1000</heap>
    </cache>

    <!-- Cache configuration for a list of orders -->
    <cache alias="ordersCache">
        <key-type>java.lang.String</key-type>
        <value-type>java.util.List</value-type>
        <heap unit="entries">1000</heap>
    </cache>

    <!-- Cache configuration for an individual order -->
    <cache alias="orderCache">
        <key-type>java.lang.Long</key-type>
        <value-type>com.example.ecommerce_product.entity.Orders</value-type>
        <heap unit="entries">1000</heap>
    </cache>

    <!-- Cache configuration for cart items -->
    <cache alias="cartItemsCache">
        <key-type>java.lang.String</key-type>
        <value-type>java.util.List</value-type>
        <heap unit="entries">1000</heap>
    </cache>

    <!-- Cache configuration for an individual cart item -->
    <cache alias="cartItemCache">
        <key-type>java.lang.Long</key-type>
        <value-type>com.example.ecommerce_product.entity.Cart</value-type>
        <heap unit="entries">1000</heap>
    </cache>

    <!-- Cache configuration for products -->
    <cache alias="productsCache">
        <key-type>java.lang.String</key-type>
        <value-type>java.util.List</value-type>
        <heap unit="entries">1000</heap>
    </cache>

    <!-- Cache configuration for wishlist items -->
    <cache alias="wishlistCache">
        <key-type>java.lang.String</key-type>
        <value-type>java.util.List</value-type>
        <heap unit="entries">1000</heap>
    </cache>

    <!-- Cache configuration for payments -->
    <cache alias="paymentsCache">
        <key-type>java.lang.Long</key-type>
        <value-type>com.example.ecommerce_product.entity.Payment</value-type>
        <heap unit="entries">1000</heap>
    </cache>

</config>
